,City,Lat,Lng,Max Temp,Humidity,Cloudiness,Wind Speed,Country,Data
0,Dingle,11.0,122.67,83.88,81,48,9.22,PH,1605339589
1,Saint-Philippe,-21.36,55.77,75.2,78,90,16.11,RE,1605339486
2,Clyde River,70.47,-68.59,17.6,72,90,23.04,CA,1605339516
3,Qaanaaq,77.48,-69.36,1.58,81,91,4.94,GL,1605339332
4,Isangel,-19.55,169.27,80.6,83,75,5.82,VU,1605339553
5,George Town,5.41,100.34,89.6,79,20,8.05,MY,1605339974
6,Albany,42.6,-73.97,44.01,69,52,4.0,US,1605339974
7,Klaksvík,62.23,-6.59,44.6,87,0,11.41,FO,1605339974
8,Tomatlán,19.93,-105.25,69.64,94,100,1.5,MX,1605339562
9,Teguise,29.06,-13.56,68.0,77,20,4.7,ES,1605339975
10,Lapua,62.97,23.01,37.99,93,100,3.0,FI,1605339975
11,Ushuaia,-54.8,-68.3,35.6,93,75,29.97,AR,1605339282
12,Sibolga,1.74,98.78,86.29,66,100,4.94,ID,1605339975
13,Hamilton,39.18,-84.53,34.0,92,1,3.36,US,1605339447
14,Namatanai,-3.67,152.43,82.24,77,33,9.89,PG,1605339976
15,Bethel,41.37,-73.41,37.99,100,1,6.04,US,1605339451
16,Grajaú,-5.82,-46.14,73.17,87,98,2.71,BR,1605339976
17,Dikson,73.51,80.55,10.92,96,100,28.88,RU,1605339333
18,Katherine,-14.47,132.27,104.0,26,40,6.93,AU,1605339507
19,Saldanha,-33.01,17.94,64.4,59,100,3.36,ZA,1605339527
20,Grand Gaube,-20.01,57.66,80.01,76,31,8.99,MU,1605339521
21,Saskylakh,71.92,114.08,-8.03,90,77,3.29,RU,1605339500
22,New Norfolk,-42.78,147.06,62.01,50,99,1.99,AU,1605339480
23,Aizpute,56.72,21.6,39.2,93,96,6.93,LV,1605339978
24,Esperance,-33.87,121.9,71.6,53,75,14.99,AU,1605339505
25,Ripky,51.8,31.08,36.48,90,100,9.37,UA,1605339978
26,Port Alfred,-33.59,26.89,73.29,64,11,21.79,ZA,1605339181
27,Busselton,-33.65,115.33,60.01,82,72,1.99,AU,1605339445
28,Rikitea,-23.12,-134.97,75.34,83,100,14.45,PF,1605339323
29,Burgersdorp,-31.0,26.33,81.12,25,60,12.53,ZA,1605339979
30,Port Lincoln,-34.73,135.87,66.36,60,0,12.88,AU,1605339469
31,Bluff,-46.6,168.33,60.01,79,100,8.1,NZ,1605339454
32,Clonakilty,51.62,-8.87,51.01,100,90,19.46,IE,1605339980
33,Moerai,-22.43,-151.33,76.57,85,94,2.66,PF,1605339980
34,Hobart,-42.88,147.33,63.0,45,75,12.75,AU,1605339323
35,Lavrentiya,65.58,-171.0,23.81,93,48,15.84,RU,1605339510
36,Tegul'det,57.31,88.17,25.21,95,94,5.14,RU,1605339566
37,Japura,-0.32,102.35,86.02,74,77,4.18,ID,1605339981
38,Pontianak,-0.03,109.33,83.44,82,99,6.64,ID,1605339756
39,Jasper,37.2,-94.35,55.99,50,90,11.41,US,1605339981
40,Broome,42.25,-75.83,41.0,74,90,6.93,US,1605339544
41,Jamestown,42.1,-79.24,39.99,83,90,5.82,US,1605339296
42,Hasaki,35.73,140.83,60.8,55,20,9.17,JP,1605339454
43,Pevek,69.7,170.31,2.19,95,99,7.83,RU,1605339520
44,Cidreira,-30.18,-50.21,68.45,92,19,10.98,BR,1605339444
45,Port Elizabeth,-33.92,25.57,68.0,72,40,24.16,ZA,1605339455
46,Punta Arenas,-53.15,-70.92,37.4,86,40,23.04,CL,1605339458
47,Tuktoyaktuk,69.45,-133.04,3.2,77,90,17.22,CA,1605339288
48,Kamaishi,39.27,141.88,50.0,53,20,9.17,JP,1605339983
49,Mataura,-46.19,168.86,60.01,79,100,4.68,NZ,1605339337
50,Storforshei,66.4,14.52,37.0,88,100,8.01,NO,1605339984
51,Sitka,57.05,-135.33,35.6,85,90,8.05,US,1605339451
52,Avarua,-21.21,-159.78,71.6,88,100,1.12,CK,1605339475
53,Puerto Ayora,-0.74,-90.35,69.01,89,84,5.99,EC,1605339471
54,Khatanga,71.97,102.5,-16.13,89,100,9.73,RU,1605339474
55,Vredendal,-31.67,18.5,66.4,59,99,6.62,ZA,1605339985
56,Atambua,-9.11,124.89,85.51,54,0,1.9,ID,1605339985
57,Agadez,19.75,10.25,69.31,30,0,15.79,NE,1605339556
58,Kupang,-10.17,123.58,89.6,62,20,9.17,ID,1605339494
59,Catia La Mar,10.6,-67.03,69.01,70,100,4.7,VE,1605339986
60,Vacha,55.8,42.77,33.84,91,93,2.26,RU,1605339986
61,Vanimo,-2.67,141.3,82.98,75,99,4.61,PG,1605339537
62,Vaini,-21.2,-175.2,77.0,88,20,4.7,TO,1605339447
63,Fairbanks,64.84,-147.72,15.8,85,90,2.13,US,1605339332
64,Bathsheba,13.22,-59.52,75.2,94,40,5.82,BB,1605339508
65,Chokurdakh,70.63,147.92,-16.04,90,76,3.38,RU,1605339327
66,Mar del Plata,-38.0,-57.56,64.0,93,90,6.93,AR,1605339533
67,Bredasdorp,-34.53,20.04,68.0,56,43,8.05,ZA,1605339988
68,Severo-Kuril'sk,50.68,156.12,44.35,92,100,18.41,RU,1605339481
69,Pangkalanbuun,-2.68,111.62,84.63,82,94,3.85,ID,1605339988
70,Seoul,37.57,126.98,64.4,36,1,4.32,KR,1605339495
71,Poum,-20.23,164.02,77.97,84,0,16.26,NC,1605339989
72,City of Saint Peters,38.8,-90.63,39.99,55,1,3.36,US,1605339720
73,Nichinan,31.6,131.37,68.0,60,20,11.41,JP,1605339989
74,Atuona,-9.8,-139.03,77.7,76,24,15.37,PF,1605339445
75,Ormara,25.21,64.64,80.91,39,0,10.56,PK,1605339989
76,Luangwa,-15.62,30.42,88.03,40,1,10.98,ZM,1605339990
77,Vila Velha,-20.33,-40.29,75.99,83,90,12.75,BR,1605339508
78,Carpinteria,34.4,-119.52,57.99,68,0,6.11,US,1605339788
79,Yangi Marg`ilon,40.43,71.72,42.8,87,90,4.7,UZ,1605339472
80,Faanui,-16.48,-151.75,79.54,76,75,7.81,PF,1605339476
81,Ribeira Grande,38.52,-28.7,66.2,93,75,18.34,PT,1605339447
82,Laas,46.62,10.7,33.8,86,5,4.7,IT,1605339586
83,Airai,-8.93,125.41,75.45,61,13,2.26,TL,1605339475
84,Cape Town,-33.93,18.42,69.01,59,75,11.41,ZA,1605339446
85,Dargaville,-35.93,173.88,56.48,78,14,1.16,NZ,1605339992
86,Margate,51.38,1.39,57.0,91,100,4.0,GB,1605339513
87,Nishihara,26.18,127.76,78.8,61,40,14.99,JP,1605339992
88,San Cristobal,7.77,-72.22,66.87,89,95,0.16,VE,1605339493
89,Torbay,47.67,-52.73,37.99,80,90,10.29,CA,1605339322
90,Tasiilaq,65.61,-37.64,21.2,57,100,2.24,GL,1605339556
91,Haines Junction,60.75,-137.51,15.8,85,100,1.12,CA,1605339561
92,Laguna,38.42,-121.42,52.0,87,1,4.7,US,1605339993
93,Mossamedes,-15.2,12.15,73.29,70,60,4.0,AO,1605339564
94,Ballina,-28.87,153.57,91.4,61,50,12.75,AU,1605339993
95,Grindavik,63.84,-22.43,35.6,80,75,5.82,IS,1605339582
96,Jarwal,27.17,81.55,85.08,20,0,7.43,IN,1605339994
97,Lagoa,39.05,-27.98,65.86,91,100,17.67,PT,1605339506
98,Yucaipa,34.03,-117.04,46.0,87,0,0.4,US,1605339750
99,City of San Pedro,14.35,121.02,89.6,66,40,11.41,PH,1605339994
100,La Ronge,55.1,-105.28,10.4,92,100,2.24,CA,1605339473
101,São Filipe,14.9,-24.5,80.29,62,27,3.56,CV,1605339496
102,Carnarvon,-24.87,113.63,77.0,53,5,18.34,AU,1605339452
103,Jardim,-21.48,-56.14,71.65,85,0,3.04,BR,1605339995
104,Lorengau,-2.02,147.27,83.84,75,98,9.55,PG,1605339500
105,Lindi,-10.0,39.72,71.6,94,75,12.75,TZ,1605339995
106,Geraldton,-28.77,114.6,73.4,53,75,19.46,AU,1605339567
107,Colwyn Bay,53.29,-3.73,48.99,96,100,7.0,GB,1605339996
108,Arraial do Cabo,-22.97,-42.03,72.84,94,100,6.17,BR,1605339467
109,Shangzhi,45.22,127.97,39.15,63,0,1.66,CN,1605339996
110,Port Hueneme,34.15,-119.2,50.0,87,1,4.7,US,1605339997
111,Hithadhoo,-0.6,73.08,83.07,77,100,21.92,MV,1605339450
112,Butaritari,3.07,172.79,81.88,63,0,5.66,KI,1605339452
113,Hermanus,-34.42,19.23,70.0,59,88,8.01,ZA,1605339458
114,Kavieng,-2.57,150.8,83.82,77,3,14.14,PG,1605339459
115,Roquetas de Mar,36.76,-2.61,63.0,93,90,3.36,ES,1605339998
116,Nome,64.5,-165.41,19.4,62,1,18.34,US,1605339552
117,Danané,7.26,-8.15,70.77,60,0,0.69,CI,1605339998
118,Korhogo,9.45,-5.63,72.9,33,0,5.68,CI,1605339998
119,Yazman,29.12,71.74,85.87,15,0,6.08,PK,1605339449
120,Hilo,19.73,-155.09,73.4,78,75,3.36,US,1605339453
121,Lebu,-37.62,-73.65,46.4,85,4,8.3,CL,1605339455
122,Barrow,71.29,-156.79,19.4,73,90,14.99,US,1605339449
123,Quiruvilca,-7.97,-78.2,38.62,100,100,1.52,PE,1605339999
124,Ourém,39.64,-8.59,63.0,93,75,5.82,PT,1605339999
125,Tessalit,20.2,1.01,74.3,19,0,10.51,ML,1605340000
126,Krasnoarmeysk,51.02,45.7,33.96,100,95,9.24,RU,1605340000
127,Kangaatsiaq,68.31,-53.46,23.0,88,100,11.18,GL,1605340000
128,Narsaq,60.92,-46.05,15.8,61,57,5.82,GL,1605339481
129,Chui,-33.7,-53.46,60.12,97,2,3.65,UY,1605339562
130,Hong Kong,22.29,114.16,75.99,60,100,8.99,HK,1605339453
131,Belmonte,-15.86,-38.88,73.4,83,0,6.93,BR,1605340001
132,Tuatapere,-46.13,167.68,60.01,79,100,4.16,NZ,1605339448
133,Pitimbu,-7.47,-34.81,75.2,88,20,4.7,BR,1605339504
134,Cabo San Lucas,22.89,-109.91,68.0,69,23,3.0,MX,1605339497
135,Valença,-13.37,-39.07,73.26,94,85,3.06,BR,1605340002
136,Bambous Virieux,-20.34,57.76,80.6,78,40,6.93,MU,1605339466
137,Mana,5.66,-53.78,77.76,89,100,6.85,GF,1605340002
138,Paamiut,61.99,-49.67,24.87,86,0,31.25,GL,1605340002
139,Ostrołęka,53.09,21.58,41.0,94,86,3.0,PL,1605340003
140,Lenger,42.18,69.88,39.2,51,0,8.95,KZ,1605340003
141,Suntar,62.14,117.63,17.62,97,100,6.78,RU,1605340003
142,Rawson,-43.3,-65.1,59.34,39,0,23.53,AR,1605339493
143,Maceió,-9.67,-35.74,71.6,94,0,3.36,BR,1605339860
144,Saint George,37.1,-113.58,43.0,44,1,4.7,US,1605340004
145,Gejiu,23.31,103.16,61.23,48,0,1.74,CN,1605340004
146,Angoche,-16.23,39.91,80.56,55,57,12.19,MZ,1605340004
147,North Bend,43.41,-124.22,52.0,71,75,16.11,US,1605340005
148,Mahendranagar,28.92,80.33,80.56,34,2,4.81,NP,1605340005
149,Katsuura,35.13,140.3,66.99,55,20,11.41,JP,1605339472
150,Souillac,-20.52,57.52,80.6,78,40,6.93,MU,1605339491
151,Nuuk,64.18,-51.72,21.2,73,10,17.22,GL,1605339538
152,Udala,43.08,-2.51,46.0,96,16,4.0,ES,1605340006
153,Iquique,-20.22,-70.14,60.8,77,0,6.93,CL,1605339867
154,Codrington,-38.27,141.97,56.91,76,91,6.91,AU,1605339580
155,Pembroke Pines,26.0,-80.22,79.0,100,1,7.05,US,1605339786
156,Aklavik,68.22,-135.01,-0.4,84,57,5.82,CA,1605339578
157,Richards Bay,-28.78,32.04,81.16,56,0,14.18,ZA,1605340007
158,Mayumba,-3.43,10.66,80.02,81,98,5.79,GA,1605340007
159,Upernavik,72.79,-56.15,16.54,96,100,11.9,GL,1605339326
160,Porto-Novo,6.5,2.6,80.6,88,40,4.7,BJ,1605339484
161,Mitsamiouli,-11.38,43.28,80.76,74,100,10.4,KM,1605340008
162,Wanning,18.8,110.4,75.4,91,100,20.67,CN,1605340008
163,Lompoc,34.64,-120.46,48.2,93,1,8.59,US,1605339539
164,Thompson,55.74,-97.86,19.4,100,90,4.7,CA,1605339464
165,Lahaina,20.88,-156.68,75.2,69,20,12.75,US,1605339728
166,Ko Samui,9.54,99.94,80.92,81,100,13.8,TH,1605340009
167,Inuvik,68.35,-133.72,-0.4,84,58,5.82,CA,1605340009
168,Brae,60.4,-1.35,50.0,81,20,21.92,GB,1605339563
169,Raudeberg,61.99,5.14,50.0,76,64,23.04,NO,1605339519
170,Dhandhuka,22.37,71.98,91.89,35,0,9.86,IN,1605340010
171,Verishen,39.54,46.31,41.77,64,3,4.21,AM,1605340010
172,Padang,-0.95,100.35,85.05,71,94,4.12,ID,1605339245
173,Kurchum,48.57,83.65,36.93,59,99,1.72,KZ,1605340010
174,Negru Vodă,43.82,28.2,50.0,93,75,11.41,RO,1605340011
175,Province of Mantua,45.17,10.78,51.01,95,100,2.15,IT,1605340011
176,Balyqshy,47.07,51.87,37.4,55,0,17.9,KZ,1605340011
177,Mon,26.75,95.1,77.67,52,0,3.38,IN,1605340011
178,Talnakh,69.49,88.4,-22.0,74,20,4.47,RU,1605339453
179,Ahipara,-35.17,173.17,58.03,75,0,2.33,NZ,1605340012
180,Kruisfontein,-34.0,24.73,72.0,61,0,10.0,ZA,1605340012
181,Tiksi,71.69,128.87,-8.21,92,95,3.2,RU,1605339506
182,Ancud,-41.87,-73.82,48.99,93,75,4.7,CL,1605340013
183,Kavaratti,10.57,72.64,87.8,70,20,6.93,IN,1605339551
184,Hidrolândia,-4.41,-40.44,76.84,76,4,1.52,BR,1605340013
185,Muravlenko,63.79,74.52,-9.81,90,3,4.65,RU,1605340014
186,Sorrento,40.63,14.37,62.6,72,5,11.41,IT,1605340014
187,Yellowknife,62.46,-114.35,-2.2,77,75,8.05,CA,1605339456
188,Jaciara,-15.97,-54.97,70.74,89,100,2.1,BR,1605340014
189,Yaan,7.38,8.57,81.36,70,62,6.67,NG,1605339584
190,Jerécuaro,20.15,-100.52,55.4,100,5,4.09,MX,1605340015
191,Vaitape,-16.52,-151.75,80.4,75,76,7.78,PF,1605340015
192,Krasnogorsk,55.82,37.32,36.0,81,90,6.71,RU,1605340015
193,Dourbali,11.81,15.86,87.57,15,0,17.45,TD,1605340015
194,Balikpapan,-1.27,116.83,82.4,83,20,5.82,ID,1605340015
195,Solnechnyy,50.72,136.63,27.63,96,100,5.66,RU,1605340016
196,Cervo,43.67,-7.41,54.0,82,96,8.77,ES,1605340016
197,Deputatsky,69.3,139.9,-12.71,87,42,2.39,RU,1605339493
198,Perené,-10.95,-75.23,69.53,75,100,1.34,PE,1605340016
199,Tateyama,34.98,139.87,63.0,48,20,4.7,JP,1605340016
200,East London,-33.02,27.91,75.2,53,0,4.7,ZA,1605339467
201,Erbil,36.19,44.01,60.8,51,95,4.7,IQ,1605339951
202,Marawi,8.0,124.29,84.99,82,64,1.99,PH,1605340017
203,Mocuba,-16.84,36.99,86.25,34,0,5.1,MZ,1605340017
204,Urubamba,-13.3,-72.12,53.91,64,83,3.0,PE,1605340017
205,Zhuanghe,39.7,122.99,50.95,55,90,4.68,CN,1605340018
206,Chagoda,59.16,35.33,35.47,93,97,3.44,RU,1605339558
207,Sola,-13.88,167.55,81.84,82,61,15.73,VU,1605340018
208,Karpathos,35.51,27.21,66.2,55,40,20.8,GR,1605340019
209,Shache,38.42,77.24,54.03,29,94,5.95,CN,1605340019
210,Cherskiy,68.75,161.3,-8.48,86,90,6.35,RU,1605339499
211,Vila Franca do Campo,37.72,-25.43,64.4,93,40,6.93,PT,1605339463
212,Corinth,37.94,22.96,66.0,54,0,1.99,GR,1605340020
213,Fare,-16.7,-151.02,80.11,78,100,8.77,PF,1605339472
214,Kapaa,22.08,-159.32,78.8,78,1,16.11,US,1605339467
215,Mount Gambier,-37.83,140.77,62.6,63,75,5.82,AU,1605339548
216,Jérémie,18.65,-74.12,78.89,73,100,4.97,HT,1605340021
217,Kokubu-matsuki,31.73,130.77,68.0,60,40,8.05,JP,1605340021
218,Korāput,18.82,82.72,80.24,43,0,7.99,IN,1605340021
219,Yavoriv,49.94,23.38,44.01,100,0,2.24,UA,1605340021
220,Morondava,-20.28,44.28,82.9,54,0,8.48,MG,1605340022
221,‘Āhuimanu,21.44,-157.84,78.8,74,75,10.29,US,1605340022
222,Toora-Khem,52.47,96.11,24.04,80,13,1.72,RU,1605340022
223,Tautira,-17.73,-149.15,78.8,74,20,6.93,PF,1605340022
224,Stromness,58.97,-3.3,48.2,81,40,20.8,GB,1605340023
225,Fortuna,40.6,-124.16,44.6,100,90,4.7,US,1605339467
226,Menongue,-14.66,17.69,67.59,86,98,2.46,AO,1605340023
227,Hargeisa,9.56,44.06,77.74,21,0,14.45,SO,1605340023
228,Paraúna,-16.95,-50.45,69.64,85,4,2.64,BR,1605339861
229,Kloulklubed,7.04,134.26,84.2,83,90,12.75,PW,1605340024
230,Bilma,18.69,12.92,74.77,26,0,20.76,NE,1605340024
231,Kapuskasing,49.42,-82.43,24.8,85,57,4.7,CA,1605340020
232,Necochea,-38.55,-58.74,61.0,94,100,1.01,AR,1605339494
233,Bonthe,7.53,-12.51,77.86,87,1,4.32,SL,1605340025
234,Salalah,17.02,54.09,84.2,48,20,6.93,OM,1605340025
235,Manono,-7.3,27.42,79.38,75,94,2.64,CD,1605340025
236,Rafai,4.95,23.92,83.3,44,99,4.97,CF,1605340025
237,Tyazhinskiy,56.12,88.52,25.48,93,97,4.68,RU,1605340026
238,Nanortalik,60.14,-45.24,27.05,87,100,13.47,GL,1605340026
239,Makakilo City,21.35,-158.09,77.0,73,20,5.82,US,1605340026
240,Mackay,-21.15,149.2,82.4,69,8,14.99,AU,1605340026
241,Garmsār,35.22,52.34,54.34,48,1,3.27,IR,1605340027
242,The Valley,18.22,-63.06,80.01,85,26,5.99,AI,1605339889
243,Inhambane,-23.86,35.38,80.6,51,40,3.36,MZ,1605340027
244,Rome,43.21,-75.46,42.8,81,90,6.93,US,1605339894
245,Mago,53.25,140.18,26.26,95,94,3.65,RU,1605340028
246,Maxixe,-23.86,35.35,80.6,51,40,3.36,MZ,1605340028
247,Merauke,-8.47,140.33,85.91,65,6,18.19,ID,1605340028
248,Malaya Purga,56.56,53.0,19.99,78,22,3.0,RU,1605340028
249,Glenwood Springs,39.55,-107.32,41.0,92,90,19.46,US,1605339888
250,Praia da Vitória,38.73,-27.07,64.99,82,20,8.03,PT,1605340029
251,Killarney,52.05,-9.52,51.8,87,75,12.75,IE,1605340011
252,Turukhansk,65.82,87.98,-12.55,90,99,2.73,RU,1605339536
253,Quang Ngai,15.12,108.8,71.96,86,100,22.26,VN,1605340029
254,Port-Cartier,50.03,-66.87,33.01,94,90,12.75,CA,1605340030
255,Antofagasta,-23.65,-70.4,60.8,67,90,8.05,CL,1605339759
256,Nemuro,43.32,145.57,41.0,75,75,6.93,JP,1605339803
257,Harper,4.38,-7.72,79.93,83,0,3.62,LR,1605340026
258,Clarence Town,-32.58,151.78,71.6,68,0,11.41,AU,1605340030
259,Norman Wells,65.28,-126.83,-16.6,75,40,3.36,CA,1605339451
260,Manutuke,-38.68,177.92,66.99,54,0,3.0,NZ,1605340031
261,Plettenberg Bay,-34.05,23.37,67.82,65,75,9.98,ZA,1605339468
262,San Patricio,28.02,-97.52,75.0,94,75,8.05,US,1605339478
263,Bud,39.45,-86.18,32.0,86,1,3.22,US,1605340031
264,Onega,63.91,38.14,35.64,85,100,8.81,RU,1605339479
265,Krasnosel'kup,65.7,82.47,-10.79,90,85,4.27,RU,1605340032
266,Kaitangata,-46.28,169.85,63.01,56,100,4.59,NZ,1605339538
267,Berlevåg,70.86,29.09,37.99,78,0,38.56,NO,1605339516
268,Moorhead,46.87,-96.77,30.99,80,1,18.34,US,1605340033
269,Alice Springs,-23.7,133.88,105.8,7,96,6.93,AU,1605339230
270,Healdsburg,38.61,-122.87,45.0,100,90,3.94,US,1605340033
271,Xining,36.62,101.77,57.69,32,46,2.37,CN,1605340033
272,Tura,25.52,90.22,81.1,59,0,3.04,IN,1605340034
273,Tazovsky,67.47,78.7,-6.68,91,62,6.93,RU,1605339583
274,Saint-Joseph,-21.37,55.62,77.0,78,90,13.87,RE,1605340034
275,Hualmay,-11.1,-77.61,60.49,87,45,6.51,PE,1605340034
276,Champerico,14.3,-91.92,64.0,97,2,3.94,GT,1605340034
277,Płock,52.55,19.71,37.4,100,93,5.82,PL,1605340035
278,Buraidah,26.33,43.98,68.0,60,0,11.41,SA,1605340035
279,Ilulissat,69.22,-51.1,17.6,72,97,9.17,GL,1605339465
280,Kahului,20.89,-156.47,75.2,69,20,12.75,US,1605339452
281,Flinders,-34.58,150.86,69.01,80,3,4.09,AU,1605339461
282,Bengkulu,-3.8,102.27,83.71,78,100,4.34,ID,1605339488
283,Khovd,48.01,91.64,39.61,57,31,3.58,MN,1605339453
284,Kemijärvi,66.71,27.43,34.38,89,87,8.86,FI,1605340036
285,Trairi,-3.28,-39.27,79.48,78,25,11.65,BR,1605340036
286,Constitución,-35.33,-72.42,51.89,79,70,9.48,CL,1605339356
287,Vestmannaeyjar,63.44,-20.27,36.19,82,10,18.99,IS,1605339445
288,Ferme-Neuve,46.7,-75.45,37.4,74,92,9.17,CA,1605340037
289,Smirnykh,49.75,142.83,29.14,95,13,5.86,RU,1605340037
290,Sobolevo,54.43,31.9,30.78,98,100,9.91,RU,1605340037
291,Nikolskoye,59.7,30.79,34.0,86,75,4.47,RU,1605339498
292,Longyearbyen,78.22,15.64,35.6,80,75,10.29,SJ,1605339335
293,Kumul,42.8,93.45,54.9,33,31,3.67,CN,1605339492
294,Port Macquarie,-31.43,152.92,73.0,64,0,5.1,AU,1605339574
295,Bembèrèkè,10.23,2.66,76.68,28,0,7.58,BJ,1605340038
296,Kapit,2.02,112.93,86.52,72,100,3.4,MY,1605340038
297,Huesca,42.14,-0.41,39.2,100,75,3.36,ES,1605340039
298,Gushikawa,26.35,127.87,78.8,57,75,14.99,JP,1605339536
299,Gamba,-2.65,10.0,79.32,83,100,4.03,GA,1605339552
300,Matías Romero,16.88,-95.03,71.17,93,44,6.04,MX,1605340039
301,Pisco,-13.7,-76.22,62.6,93,75,3.36,PE,1605340029
302,Bonoua,5.27,-3.6,80.6,88,40,3.36,CI,1605340040
303,Oregon City,45.36,-122.61,43.0,87,40,9.17,US,1605340040
304,Egvekinot,66.32,-179.17,5.52,90,0,10.87,RU,1605339582
305,Shahreza,32.03,51.88,46.65,56,85,5.53,IR,1605340041
306,Cedral,23.8,-100.73,60.08,56,0,10.49,MX,1605340041
307,Araouane,18.9,-3.53,73.96,20,0,10.56,ML,1605340041
308,Korem,12.51,39.52,62.38,44,0,7.87,ET,1605340041
309,Oranjemund,-28.55,16.43,62.33,78,100,4.25,NA,1605340042
310,Meridian,43.61,-116.39,39.2,64,1,10.29,US,1605340042
311,Caraz,-9.05,-77.81,59.74,54,99,1.66,PE,1605340042
312,Gold Coast,-28.0,153.43,82.0,73,21,16.11,AU,1605339783
313,Adrar,20.5,-10.07,74.1,20,42,9.69,MR,1605339563
314,Aventura,25.96,-80.14,79.0,100,1,7.2,US,1605339898
315,Belyy Yar,53.6,91.39,26.6,63,0,3.98,RU,1605339475
316,Vangaindrano,-23.35,47.6,73.36,69,88,7.81,MG,1605340043
317,Kiryat Gat,31.61,34.76,73.0,57,0,1.7,IL,1605339964
318,Kaeo,-35.1,173.78,63.0,76,24,4.0,NZ,1605339515
319,Nushki,29.55,66.02,60.69,57,100,2.64,PK,1605340044
320,Boden,65.83,21.69,41.0,93,100,10.29,SE,1605340044
321,Dīdwāna,27.4,74.57,84.52,19,0,5.17,IN,1605340044
322,Valparaíso,-33.04,-71.63,51.8,100,75,1.12,CL,1605339870
323,Aksu,41.12,80.26,51.22,35,97,0.78,CN,1605339550
324,Mackenzie,55.3,-123.17,28.4,100,90,2.24,CA,1605339526
325,Eyl,7.98,49.82,86.61,42,100,14.97,SO,1605340045
326,Storozhevaya,43.88,41.45,52.39,39,97,1.01,RU,1605340045
327,Issia,6.49,-6.59,74.64,89,64,1.43,CI,1605340046
328,Manokwari,-0.87,134.08,84.88,67,99,3.78,ID,1605339556
329,Hobyo,5.35,48.53,83.07,61,58,13.44,SO,1605339476
330,Graham,47.05,-122.29,43.0,93,90,6.93,US,1605339765
331,Doctor Juan Manuel Frutos,-25.37,-55.8,68.7,63,0,3.51,PY,1605340047
332,Rohtak,28.9,76.57,77.0,41,19,3.36,IN,1605340047
333,Elko,41.0,-115.5,34.0,72,89,32.99,US,1605340047
334,Manggar,-2.88,108.27,86.02,66,43,5.88,ID,1605340047
335,Chumikan,54.72,135.31,27.03,93,100,10.65,RU,1605340048
336,Tanete,-3.94,119.78,81.81,79,88,2.82,ID,1605340048
337,Prince Rupert,54.32,-130.32,42.8,93,90,18.34,CA,1605340048
338,Yamada,39.47,141.95,47.55,61,0,4.61,JP,1605340048
339,Namtsy,62.72,129.67,17.6,92,75,6.71,RU,1605340049
340,Touros,-5.2,-35.46,75.2,94,75,4.7,BR,1605339501
341,Grahamstown,-33.3,26.53,75.16,39,0,13.8,ZA,1605340049
342,Ankang,32.68,109.02,69.82,38,0,2.93,CN,1605339481
343,Teacapan,22.55,-105.75,69.6,84,64,3.98,MX,1605340050
344,Betsiamites,48.94,-68.65,32.0,97,90,5.82,CA,1605340050
345,Balad,34.02,44.15,74.25,24,0,8.39,IQ,1605340050
346,Chapais,49.78,-74.85,26.6,86,1,2.24,CA,1605339535
347,Tupaciguara,-18.59,-48.7,66.2,88,0,9.17,BR,1605340050
348,Jequitinhonha,-16.43,-41.0,72.79,83,100,2.68,BR,1605340051
349,Devils Lake,48.11,-98.87,28.4,86,1,18.34,US,1605340026
350,Saýat,38.78,63.88,42.8,33,0,2.24,TM,1605340051
351,Provideniya,64.38,-173.3,20.21,90,1,8.57,RU,1605339458
352,Mildura,-34.2,142.15,82.4,20,0,6.93,AU,1605340052
353,Iqaluit,63.75,-68.51,17.6,72,90,4.7,CA,1605339549
354,Okahandja,-21.98,16.92,73.99,43,0,2.24,NA,1605340052
355,Fort Nelson,58.81,-122.7,15.8,78,90,4.7,CA,1605339497
356,Grand-Santi,4.25,-54.38,72.77,97,100,1.59,GF,1605340053
357,Āsasa,7.1,39.2,65.89,44,0,8.03,ET,1605340053
358,Chicama,-7.84,-79.15,61.0,85,72,2.64,PE,1605340053
359,Bubaque,11.28,-15.83,82.09,66,0,8.39,GW,1605339512
360,Los Llanos de Aridane,28.66,-17.92,73.4,83,0,9.17,ES,1605339511
361,Changji,44.02,87.32,41.0,60,78,8.95,CN,1605340054
362,Mogadishu,2.04,45.34,84.2,66,40,9.17,SO,1605340054
363,Biga,40.23,27.24,59.0,87,75,13.87,TR,1605340054
364,Ostrovnoy,68.05,39.51,35.67,89,100,12.15,RU,1605339488
365,Pringsewu,-5.36,104.97,86.65,72,87,3.78,ID,1605339515
366,Warah,27.45,67.8,90.59,14,0,6.04,PK,1605340055
367,Honiara,-9.43,159.95,86.0,74,75,3.36,SB,1605339313
368,Zheleznodorozhnyy,55.75,38.0,36.0,81,75,2.24,RU,1605340056
369,Townsville,-19.25,146.8,84.2,58,73,9.17,AU,1605340056
370,Ponta do Sol,32.67,-17.1,69.8,83,40,13.87,PT,1605340056
371,Denpasar,-8.65,115.22,91.4,66,20,12.75,ID,1605340057
372,St. George's,12.06,-61.75,78.8,88,20,5.82,GD,1605339963
373,Shīeli,44.17,66.75,39.7,63,100,19.93,KZ,1605340057
374,Kampene,-3.6,26.67,79.39,63,100,1.77,CD,1605340057
375,Gien,47.69,2.63,48.0,98,5,9.08,FR,1605340057
376,Atar,20.52,-13.05,78.57,18,48,6.82,MR,1605340058
377,Béziers,43.35,3.22,63.0,93,90,5.82,FR,1605340058
378,Olinda,-8.01,-34.86,80.6,78,40,8.05,BR,1605339464
379,North Aurora,41.81,-88.33,28.0,85,1,4.7,US,1605340017
380,Bose,45.46,8.01,46.99,87,0,3.0,IT,1605340058
381,Libertador General San Martín,-23.81,-64.79,73.0,73,1,2.33,AR,1605340059
382,Nouadhibou,20.93,-17.03,68.0,60,0,9.17,MR,1605340059
383,Batagay-Alyta,67.8,130.41,-1.71,88,100,1.99,RU,1605339495
384,Sioux Lookout,50.1,-91.92,23.0,85,5,9.17,CA,1605340059
385,Taltal,-25.4,-70.48,55.13,75,58,2.28,CL,1605340059
386,Srednekolymsk,67.45,153.68,-12.64,87,42,1.86,RU,1605339556
387,Otuzco,-7.9,-78.58,48.34,81,94,0.63,PE,1605340060
388,Ketchikan,55.34,-131.65,39.2,100,90,4.7,US,1605339951
389,Lincoln,40.8,-96.67,37.99,69,1,12.75,US,1605339303
390,Santa Rosa,14.31,121.11,89.6,66,40,11.41,PH,1605340060
391,Bilibino,68.05,166.44,-9.76,87,100,1.25,RU,1605340061
392,Esim,4.87,-2.24,81.75,78,4,3.85,GH,1605339526
393,Cayenne,4.93,-52.33,77.0,100,90,7.0,GF,1605339484
394,Petropavlovsk-Kamchatskiy,53.05,158.65,32.0,93,90,4.47,RU,1605340062
395,Talara,-4.58,-81.27,62.19,86,75,11.3,PE,1605339811
396,Maïné Soroa,13.21,12.02,84.7,22,82,18.52,NE,1605340062
397,Kamina,-8.74,24.99,67.37,95,100,2.86,CD,1605340062
398,Castro,-24.79,-50.01,61.36,96,80,4.05,BR,1605339498
399,Evensk,61.95,159.23,6.64,85,99,8.57,RU,1605339515
400,Vao,-22.67,167.48,75.2,84,0,10.51,NC,1605340015
401,Rio Grande,-32.03,-52.1,64.0,98,2,7.05,BR,1605340063
402,Coyhaique,-45.58,-72.07,42.8,93,20,2.24,CL,1605339494
403,Barra,-11.09,-43.14,75.04,68,5,6.29,BR,1605340063
404,Itarema,-2.92,-39.92,79.23,79,0,14.85,BR,1605339495
405,Gornopravdinsk,60.05,69.9,11.26,92,100,7.72,RU,1605340064
406,Tonekābon,36.82,50.87,60.8,55,20,4.7,IR,1605340064
407,Seidu,9.02,-10.6,65.66,61,0,3.29,SL,1605340064
408,Husavik,66.04,-17.34,35.6,93,75,11.41,IS,1605339474
409,Arrondissement de Saint-Denis,48.92,2.33,55.4,82,90,8.05,FR,1605340065
410,Beloha,-25.17,45.05,80.28,37,0,13.89,MG,1605339567
411,Izhma,65.01,53.91,17.42,91,92,6.91,RU,1605340065
412,Smithers,54.78,-127.17,26.6,100,75,4.7,CA,1605339914
413,Cockburn Town,21.46,-71.14,80.85,74,7,18.48,TC,1605340022
414,Altagracia de Orituco,9.86,-66.38,71.33,91,100,0.69,VE,1605340066
415,Lakes Entrance,-37.88,147.98,62.01,80,24,5.01,AU,1605340066
416,Puerto Escondido,15.85,-97.07,78.57,79,0,5.93,MX,1605339508
417,Erenhot,43.65,111.98,52.54,48,0,7.16,CN,1605340066
418,Beringovskiy,63.05,179.32,14.45,91,99,15.43,RU,1605339471
419,Najrān,17.49,44.13,75.2,31,0,6.93,SA,1605340067
420,Kimbe,-5.55,150.14,81.0,79,100,2.06,PG,1605340067
421,Namie,37.48,141.0,55.99,44,0,10.36,JP,1605340067
422,Ouégoa,-20.35,164.43,77.77,80,14,8.21,NC,1605340067
423,Coffs Harbour,-30.3,153.13,78.8,61,40,6.93,AU,1605340068
424,São João da Barra,-21.64,-41.05,73.04,94,100,5.7,BR,1605340068
425,Banjarmasin,-3.32,114.59,77.0,94,40,9.17,ID,1605340068
426,Mathbaria,22.29,89.96,86.31,50,0,8.23,BD,1605340068
427,Tarasovskiy,48.73,40.36,39.47,71,90,6.04,RU,1605340068
428,Eha Amufu,6.66,7.76,75.2,94,20,3.83,NG,1605340069
429,Norden,53.6,7.2,46.99,93,100,2.24,DE,1605340069
430,Jõhvi,59.36,27.42,33.42,92,91,10.92,EE,1605340070
431,Meulaboh,4.14,96.13,84.15,72,82,5.32,ID,1605340070
432,Filingué,14.35,3.32,80.04,19,0,14.61,NE,1605340070
433,Faya,18.39,42.45,69.8,35,0,5.82,SA,1605339539
434,Ouallam,14.32,2.09,79.74,17,0,17.98,NE,1605340071
435,Ampanihy,-24.7,44.75,81.48,35,0,13.13,MG,1605340071
436,Kibala,9.11,18.35,78.8,61,0,6.06,TD,1605340071
437,Vuktyl,63.86,57.31,10.27,92,54,2.64,RU,1605340072
438,Samarai,-10.62,150.67,80.96,75,1,9.15,PG,1605339473
439,Apache Junction,33.42,-111.55,55.4,32,1,3.36,US,1605339973
440,Topaowan,30.67,112.69,70.83,40,0,3.44,CN,1605340072
441,Mayo,38.89,-76.51,50.0,75,1,8.3,US,1605340073
442,Havre-St-Pierre,50.23,-63.6,32.0,88,90,6.93,CA,1605340073
443,San Policarpo,12.18,125.51,83.37,82,81,11.41,PH,1605340073
444,Kautokeino,69.01,23.04,34.38,90,69,26.04,NO,1605340073
445,Hofn,64.25,-15.21,41.29,67,66,14.97,IS,1605339538
446,Tual,-5.67,132.75,84.88,73,7,9.04,ID,1605339490
447,Peterhead,57.51,-1.8,48.2,81,40,13.87,GB,1605340074
448,Brønnøysund,65.46,12.2,44.6,81,92,16.11,NO,1605340074
449,Dale,38.17,-86.99,33.8,86,1,3.36,US,1605340074
450,Plast,54.37,60.81,19.35,88,100,14.14,RU,1605340074
451,Vardø,70.37,31.11,40.62,77,1,33.06,NO,1605340075
452,Yonago,35.43,133.33,60.8,58,20,16.11,JP,1605340075
453,Madimba,-10.4,40.33,71.6,94,75,12.75,TZ,1605340075
454,Kilindoni,-7.91,39.67,81.86,69,26,4.09,TZ,1605340075
455,Puerto Madryn,-42.77,-65.04,59.9,36,18,28.41,AR,1605339568
456,Myatlevo,54.9,35.68,32.0,79,90,4.47,RU,1605340076
457,Fonte Boa,-2.5,-66.27,74.03,97,100,1.03,BR,1605340076
458,Dhārchula,29.85,80.53,74.34,19,60,5.64,IN,1605340076
459,Shibetsu,43.66,145.13,41.0,75,75,6.93,JP,1605340077
460,Shelburne,44.08,-80.2,37.4,74,90,10.29,CA,1605340077
461,Zeya,53.75,127.27,22.3,94,99,2.15,RU,1605339480
462,Nekhayevskiy,50.41,41.76,36.16,82,29,2.53,RU,1605340078
463,Panama City,8.99,-79.52,75.2,94,3,2.24,PA,1605339830
464,Dvurechensk,56.6,61.1,14.0,78,75,11.18,RU,1605340079
465,Alofi,-19.06,-169.92,75.2,88,64,8.05,NU,1605339569
466,Jinxiang,27.43,120.61,65.55,68,0,16.04,CN,1605340079
467,San Quintín,30.48,-115.95,59.52,78,0,10.89,MX,1605339512
468,Ixtapa,20.7,-105.2,73.0,87,100,1.01,MX,1605340080
469,Koudougou,12.25,-2.37,78.76,18,0,14.81,BF,1605340080
470,Thunder Bay,48.4,-89.32,15.8,92,5,8.55,CA,1605340080
471,Rocha,-34.48,-54.33,62.22,96,98,4.59,UY,1605339585
472,Pacific Grove,36.62,-121.92,55.4,93,90,4.32,US,1605340066
473,Saint Paul Harbor,57.79,-152.41,33.8,50,1,3.36,US,1605339483
474,Kununurra,-15.77,128.73,104.0,35,0,14.99,AU,1605339523
475,Key West,24.56,-81.78,82.4,94,90,5.82,US,1605339948
476,Ucluelet,48.93,-125.55,39.99,88,19,15.99,CA,1605340082
477,Bārmer,25.75,71.38,85.57,22,0,6.64,IN,1605340082
478,Östersund,63.18,14.64,39.99,93,100,12.75,SE,1605340082
479,Alyangula,-13.85,136.42,96.8,39,0,12.75,AU,1605340082
480,Dwārka,22.24,68.97,85.57,39,0,2.82,IN,1605340082
481,Paralia,38.2,21.7,55.4,82,0,2.75,GR,1605340083
482,Rosarito,32.33,-117.03,57.2,100,1,5.82,MX,1605340064
483,Rāzole,16.48,81.83,89.37,44,0,8.66,IN,1605340083
484,Shimoda,34.67,138.95,62.6,48,20,4.7,JP,1605339517
485,Tulun,54.56,100.58,24.35,91,76,3.2,RU,1605340084
486,Edd,13.93,41.69,87.31,47,0,10.42,ER,1605340084
487,La Orilla,17.98,-102.23,73.92,91,79,4.41,MX,1605340084
488,Rawlins,41.79,-107.24,33.8,74,90,24.16,US,1605340084
489,Lisala,2.15,21.52,84.51,63,19,2.73,CD,1605340085
490,Bandarbeyla,9.49,50.81,82.11,55,0,15.48,SO,1605340085
491,Meadow Lake,34.8,-106.54,39.99,44,1,10.29,US,1605339565
492,Bria,6.54,21.99,80.29,46,71,6.15,CF,1605340086
493,Poltava,49.59,34.54,35.47,79,100,2.82,UA,1605339796
494,Tubinskiy,52.89,58.22,19.4,67,75,15.66,RU,1605340086
495,Baykit,61.67,96.37,12.97,92,83,4.07,RU,1605339501
496,Acarí,-15.43,-74.62,61.7,71,90,3.33,PE,1605340086
497,Guanare,9.04,-69.74,71.08,92,90,1.88,VE,1605340087
498,Port-Gentil,-0.72,8.78,80.6,88,40,5.82,GA,1605339590
499,Lüderitz,-26.65,15.16,63.77,70,100,8.63,NA,1605340015
500,Zhigansk,66.77,123.37,7.2,95,83,7.85,RU,1605339576
501,Santa Maria,-29.68,-53.81,63.63,93,20,5.46,BR,1605339568
502,Saint-Augustin,51.23,-58.65,33.21,85,99,7.49,CA,1605340088
503,Brownwood,31.71,-98.99,64.4,93,90,4.7,US,1605340054
504,Vidim,56.41,103.11,20.93,93,75,3.94,RU,1605340088
505,Ballitoville,-29.54,31.21,75.2,69,0,8.05,ZA,1605340088
506,Kokopo,-4.35,152.26,81.46,80,92,4.09,PG,1605340089
507,Tsimmerbude,54.67,20.13,43.0,100,90,4.47,RU,1605340089
508,Zasosna,50.63,38.4,36.54,78,97,4.7,RU,1605340089
509,Saint-Pierre,-21.34,55.48,77.0,78,90,13.87,RE,1605340025
510,Dobšice,48.85,16.08,43.0,96,100,2.62,CZ,1605340090
511,Aripuanã,-9.17,-60.63,71.49,95,89,1.79,BR,1605340090
512,Bonfim,3.08,-59.95,76.78,84,100,4.23,BR,1605339529
513,Tubualá,9.52,-79.03,75.2,94,20,8.16,PA,1605340090
514,Korla,41.76,86.15,53.82,35,81,6.93,CN,1605340011
515,Montepuez,-13.13,39.0,85.35,39,73,5.84,MZ,1605340091
516,Kanigoro,-8.13,112.22,82.42,81,93,8.97,ID,1605340091
517,Goderich,43.75,-81.72,37.4,59,98,9.17,CA,1605340091
518,San Jose,37.34,-121.89,51.8,87,20,3.36,US,1605339367
519,Old Saybrook,41.29,-72.38,48.99,100,1,4.7,US,1605340092
520,Itaituba,-4.28,-55.98,74.28,92,94,1.59,BR,1605340092
521,Mabopane,-25.5,28.1,78.8,31,0,3.36,ZA,1605340092
522,Maragogi,-9.01,-35.22,76.01,85,91,7.63,BR,1605340093
523,Axochiapan,18.5,-98.77,64.99,81,3,1.7,MX,1605340093
524,Gobabis,-22.45,18.97,78.8,34,98,8.05,NA,1605340093
525,Ol'ga,43.74,135.29,40.28,67,0,4.27,RU,1605340093
526,Amberley,39.2,-84.43,34.0,92,1,3.36,US,1605340094
527,Nelson Bay,-32.72,152.15,71.6,68,0,11.41,AU,1605340094
528,Maniitsoq,65.42,-52.9,17.69,83,0,8.28,GL,1605340094
529,Portland,45.52,-122.68,43.0,81,40,4.7,US,1605339527
530,Linxia Chengguanzhen,35.6,103.21,59.56,39,0,3.51,CN,1605340019
531,Lapeer,43.05,-83.32,32.0,95,90,5.21,US,1605340094
532,Borzya,50.38,116.52,25.63,95,100,7.16,RU,1605340095
533,Qaqortoq,60.72,-46.03,15.8,61,67,5.82,GL,1605339540
534,Sungai Penuh,-2.08,101.38,75.38,84,100,1.88,ID,1605340095
535,Härnösand,62.63,17.94,45.0,100,100,11.41,SE,1605340095
536,Marsh Harbour,26.54,-77.06,78.85,78,5,5.19,BS,1605339590
537,Palmer,42.16,-72.33,37.99,93,90,3.36,US,1605340096
538,Coquimbo,-29.95,-71.34,57.2,76,0,2.24,CL,1605340096
539,Bharatpur,27.22,77.48,85.37,22,0,4.59,IN,1605340096
540,Nādaun,31.78,76.35,79.74,15,100,5.44,IN,1605340097
541,Miles City,46.41,-105.84,39.2,60,1,9.17,US,1605340097
542,Sokoto,13.06,5.24,82.58,21,0,18.25,NG,1605340097
543,Yar-Sale,66.83,70.83,-3.33,91,3,6.29,RU,1605340097
544,Cuiluan,47.72,128.65,33.55,82,0,5.39,CN,1605340097
545,Saint Anthony,45.02,-93.22,33.01,92,1,12.75,US,1605340098
546,Zvoriştea,47.83,26.28,44.01,75,0,5.82,RO,1605340098
547,Pechenga,69.53,31.17,37.4,84,75,25.28,RU,1605340098
